10nhcxSOROVXyBB4gVUQXIusS9fH-Pvbo	pdf	application/pdf	196249	cdd8fb029d944732ce058a5f0ca90d7d0c4821512bfcdd81849f7ef5d18556e5
118JQvYHdLl7nqKW9ECy_-J9G4uDVN7El	pdf	application/pdf	1730469	e3f4ad5b9e8d5fa1e0064921804f605e65d5626427d4265bd496e0cf9869ea9f
12HuWCrjcI1BlRZ5ZtBar7Uv3XsZE-UZX	pdf	application/pdf	1230066	7e2d2008f43ff428cdb5c2d076391d38f11c78d9a619bf06f21d052642b236a4
18-df3yUrArFGb1ERX50muH-ZW28dApK0	pdf	application/pdf	1615741	1b21210e0c01e830181403e4672a21b0356e8d871d5bd04d87c6893b0ce25428
1AqIXm0KmxhdbgmZpZWSE1RlmezqAeVmH	pdf	application/pdf	184447	88b20c1499aed5bc520ce478f7b42cf41fa6f2beeddf33606c615732d092ffdc
1BcJo9JgGExzuUMEfk4kcRAThmM8QrJ48	pdf	application/pdf	598780	19b3d9d3a4e4c02802e8e94dc7979a312fe57d4b3e4b2d15c210fa0a2a0663cb
1BvmoNh3w1lK6Y29BZaYA5nlV4IIoYSVl	pdf	application/pdf	1489810	650169df2244d8b0fc948df6edef8a50b236c1887f9131fd49c742e095c6e8fc
1CGXjid3-vMyLz34vE8GpetOeyJTczLyL	pdf	application/pdf	3110474	dc29d1f1f48ce460d6a32acdf252ee3d044e8b434c03eb5740f04b14a0c9e3f8
1DS9uEtFKC2Jl3OiG3pPpgnQEC3l15oo2	pdf	application/pdf	163554	1c40a5830e616fb3b35a235fd399c632e56546f1b74d7d2127c1892569aad89e
1GNQuxWEKSkjh8c2rhEmOILPWy6roI5gN	png	image/png	109919	5fa001763b08694eeb9e009803c8ef26f652d3bb647dad969695b1195d4a3d1c
1Gzjf8yOjE-y-0DtYHXVsJfOz65MdFjwA	pdf	application/pdf	107173	3f450542555a3a59c403307c35e8c36f9d1bbdde492e0de322a695f52d59792c
1Kz9IXg1fy2jdODHWDTjnnAtWdhjXto-q	pdf	application/pdf	1796377	35f8e3a46c50f759f8893d3fd40435744e4df09adf09e7877652cad5898c6502
1L1oCH6RhoyNV2pNxtHUjnjR-QvTTd5By	pdf	application/pdf	3396660	b515569d518c381055b20a3c6b2f94a0ef7f42bd3b53e777868553e3a41dff4e
1QaqCw86dPtVUWKROUsM8poT3o9Y9yHl2	png	image/png	295369	f92259ab7a1dd70ad1f121fdece37228d7d0fa1c9259f3355e034b82464c5426
1R5LrVR3JTFKUKAi-2Q3ZDur45IFKMzo9	pdf	application/pdf	1638753	baa5cb76e494bbdb2b6c03b59439c1caca93a64be6a0deb8f12644cce00625d8
1UGoRc6mEkuQ-67XIcqyYJS3kK_tQrmSF	pdf	application/pdf	4657762	f62ea6b9d46bba179d4ad8af572c02464134a106be54e1f839a36241b4e49482
1Wy0exDETTyLjEqzxEtxT4bnDURatWlO0	pdf	application/pdf	622376	abc6d3bbb6a01fe0faa2edbdb2ded07656b66f027a936544e4d58bec3c9ce882
1XjV4gSEFZ3NbtKOqIP_QOj4t29CUYkiS	pdf	application/pdf	667709	1299feb7d062dafcc2a580d3f6311a2a259528141a85f0db20ed5dc422b2468c
1Z7Q4kiTZILq1mUT3mE1qj1M7CrGx2ZLn	pdf	application/pdf	107151	c8dee9b93add0b730e8eaee03864311e036be2f6cfb2f9f05002a1f8fa6b1ade
1d-kpX3S8r9qvBwoGt6m4Jd7edh84MXUC	pdf	application/pdf	458677	b732297c48c9db87c63faa4ddc21ec4c67a78c24c65332c0c40bdb0fe951e896
1dq3mimOLcwAS8Lj-dA9Ljeih8Y5P7ILG	pdf	application/pdf	78069	66feb37e723303b6d81c3887e2e7eae3369b455bb8f7f68713b60506a2b01012
1gVu0B4oUKiu1yEvZ-uE_YDaBw3FjIcCv	pdf	application/pdf	325443	fd8d39e8aa2b9a0beec532af569a97758ebbf7e338f7290a197772c7856bed75
1hiLIK-Se3A2pPZUbulRslAml8knVeXXw	pdf	application/pdf	582681	b3754a6ba5fb34644d452e9d7936857f5a704bddae95febb749497fcdffc37aa
1i-SiGedrJ_kfT-3cPMFp2DDLGwZzvgre	pdf	application/pdf	653568	b983081f28c0004067ff4b6e09f2e93e2b9b1f5c23b0e0dbdffc6860206f4682
1idHK5yfUxTFtSNGviO-r3B4fhMRD5EAo	pdf	application/pdf	1452098	8f7d237fe970275b567f6fc9c08d8cd03e06797db985f9790bf087cb4fab0f7b
1jM5OsyoVjDZue7oLQrJ9qROEL0tFpzqb	pdf	application/pdf	328916	ddf23726cea2833a1c222b4707780f1fa44f5a0ef3c7c9aba01986460c104193
1jeATv_ziqxo-u7QEpE0A3LyLYCCUISZj	pdf	application/pdf	1148068	71c5e4dd26132189490230a680a7b4ee53e44d7381be50940941752b09e0ebaa
1k-e1Pic8sqpkMmAcmCDTYEDDz_ybmFb8	pdf	application/pdf	669878	3666d2a3f46e8437b25b5047d5fb2fb157456c2f6d3a7335d61288986047a095
1neUHzIWMH21zhZt_-bItgF-a9skj_ME3	pdf	application/pdf	1435370	78ed52d1981935c6972d9a91538f1733c3fb4f8148e5dede06d577683f3a1909
1pM43EfKINQA1t_hWEbBGB7S6CBeJDknX	pdf	application/pdf	6571693	8702240fc58c58ed9aa9acd4ffd4e234cd409f1da717051fb31f575fd9ee0b7c
1pQV6MOosePFJe0UbGQ-HT8LiaBzkpTfB	pdf	application/pdf	575046	b70bc85a193195f567ff05e7690b32a89ce1e5c9db5048ba61c030f00ad72836
1pkq-6GsG_NOHaYyyM2TyqakZfOq6ayvg	pdf	application/pdf	243950	987add6a8f5045e9d75ca11f8147fcc639bafcbe1248575404726e579e02e464
1sVI-6xBx0foOfry4xJuDp2mkyHLLdDxS	pdf	application/pdf	3270075	d28aeb032fc69653bd598be58dc061b7dce80eb7553d671bb6516f451e85a1ec
1sY_KRFlH1H7EZ6d25-wIpqjOCVXR-0jh	png	image/png	181022	0d1ccd0fc01b3373d36ab757a2ac5e35e7306dd457017d0ec958117944b785a8
1wUTGOOInxWJfRSaaOeaKCThUcUboF1im	pdf	application/pdf	1421607	52f318e64fba960d56cca520008a59e529cd567163e9f5abd69f31324d152b0f
1zZ6suU7pz7eF_yXGSeRlPp4c24L9yZnr	pdf	application/pdf	735407	3ca645c75229fcb09905a9b70665ac27c9db1a8268e1172978c512b01bb626de
